pressure,bias,flow,Fe,Co,Cr,Ta,Hf,Cu,Al,Zr,V,Ni,Nb,Ti,Mo,Mn,W,Hardness,Modulus,
0.6546312182423999,0.8765556989187834,0.15238746554401683,0.060130396818277775,0.2603208460402078,0.29620659266465776,0.32851120567932923,0.054830958797527425,0,0,0,0,0,0,0,0,0,0,18.00608457834514,171.68257142857144,0.104880096
0.9688299895635917,0.3185588681277255,0.06031124588499537,0.0513767445364942,0.32669665688793936,0.306428731849582,0.263578510551794,0.051919356174190426,0,0,0,0,0,0,0,0,0,0,27.502443297281026,217.93759765183273,0.12619412
0.01030947128897619,0.3948499038682415,0.2046946091462728,0.24258889089366076,0.23030262490156886,0.16999657677436839,0.3033921778612461,0.05371972956915594,0,0,0,0,0,0,0,0,0,0,25.328693063150183,193.40823809523812,0.130959743
0.0016600527189456482,0.1301813876164517,0.03595594822735371,0.25211368134719087,0.09502603030116395,0.1548928290200158,0.28076574184251646,0.2172017174891129,0,0,0,0,0,0,0,0,0,0,27.502443297281026,217.93759765183273,0.12619412
0.0007546212206190894,0.8598873225175714,0.02703053984741899,0.1626537921683864,0.10379811766676118,0.31173133540686954,0.25512665780510396,0.1666900969528788,0,0,0,0,0,0,0,0,0,0,18.00608457834514,171.68257142857144,0.104880096
