pressure,bias,flow,Cu,Fe,Zr,V,Nb,Ti,Hf,Al,Co,Ni,Cr,Mo,Mn,W,Ta,Hardness,Modulus,
0.2465660648241742,0.22209306648490867,0.16402067981020518,0.2316419381733402,0.20447982439478601,0.07298151578325363,0.05577220817928827,0.2761782781985841,0.1074779937382237,0.05146824153252422,0,0,0,0,0,0,0,0,14.5525,119.82659711642111,0.121446326
0.10000465363061084,0.15386307019290246,0.14561011404889534,0.1581818094377487,0.13590600421755017,0.15373611594049247,0.16062912709045105,0.22402187181666905,0.0961319873291417,0.07139308416794696,0,0,0,0,0,0,0,0,14.5525,119.82659711642111,0.121446326
0.11527901682460606,0.5546125654636765,0.14995170239850042,0.11097759735323544,0.26805148006865015,0.1039571177383336,0.14388377612991962,0.22035377617475535,0.07643713461555716,0.07633911791954877,0,0,0,0,0,0,0,0,14.5525,119.82659711642111,0.121446326
0.05678018236123439,0.993706276850345,0.2486886267727736,0.0778738002094478,0.10174435810419576,0.16906737187507534,0.12295362648329114,0.07174643310071667,0.2135811463607488,0.24303326386652443,0,0,0,0,0,0,0,0,14.5525,119.82659711642111,0.121446326
0.07816809115085799,0.2532718188839933,0.1269456831504252,0.26774894978997743,0.08530599582543656,0.17812811649794819,0.1059903416732374,0.19222773942538718,0.1021555251448186,0.06844333164319473,0,0,0,0,0,0,0,0,10.864223790662367,104.1765971164211,0.104286607
0.02957777117543947,0.032355084512037724,0.18102383140586498,0.23455464905631618,0.19130382024111453,0.1814946291308977,0.1135287923919479,0.17059671727810932,0.054568255906465114,0.053953135995149296,0,0,0,0,0,0,0,0,18.92667121708496,173.54025000000001,0.109062141
