pressure,bias,flow,Fe,Zr,Co,Nb,Ti,Ta,Hf,Cu,Al,V,Ni,Cr,Mo,Mn,W,Hardness,Modulus,
0.005662984602385124,0.9189472340077771,0.8787816696424586,0.09700720396083495,0.17984301384153342,0.1378756975930767,0.07001161306967336,0.17141399824318052,0.1688734156828357,0.1749750576088653,0,0,0,0,0,0,0,0,25.54701725909645,123.5640652294976,0.206751188
0.001344838305828766,0.0835993616294235,0.061621953509200855,0.2760796125183723,0.12017719769361898,0.16443429389634318,0.0626594104940931,0.1326672776578936,0.1394177613998147,0.10456444633986434,0,0,0,0,0,0,0,0,22.523229132014794,104.7,0.215121577
0.5152434762070937,0.9672628020786526,0.025026047860253087,0.16141762730511353,0.16884491214158145,0.13143254075898841,0.05149771178240507,0.17641918740109339,0.1796305429438567,0.1307574776669614,0,0,0,0,0,0,0,0,22.523229132014794,104.7,0.215121577
0.6829337122725185,0.9939275402640805,0.0024861132314354384,0.08215438651374814,0.13682405639749198,0.11913461364478257,0.060555050669102495,0.18097236597153843,0.2262740749507565,0.19408545185257992,0,0,0,0,0,0,0,0,24.02421399486016,110.74435737237278,0.216933978
