pressure,bias,flow,Fe,Zr,Nb,Ti,Mn,Hf,Cu,Al,V,Co,Ni,Cr,Mo,W,Ta,Hardness,Modulus,
0.0532740211785,0.9771497893133521,0.048935555854942914,0.11314680825145725,0.23710608587935808,0.07364357644432881,0.16189041523400408,0.2721922925192347,0.14202082167161711,0,0,0,0,0,0,0,0,0,21.011264783802524,104.1765971164211,0.201688914
0.11714683331675324,0.9581106827837303,0.3984647681710458,0.062295246605063255,0.17081190463581652,0.08768927405666235,0.2407427608686485,0.3078286912681791,0.1306321225656303,0,0,0,0,0,0,0,0,0,21.011264783802524,104.1765971164211,0.201688914
0.07454481219159292,0.915055094205613,0.42993019568149216,0.15320313271439057,0.1205109604270326,0.07871416189840866,0.16983416831548862,0.22292206826236063,0.254815508382319,0,0,0,0,0,0,0,0,0,21.011264783802524,104.1765971164211,0.201688914
0.025740247428039598,0.9914441208497248,0.8742572754336426,0.16754512578958838,0.17732102827650154,0.09276484596772477,0.2056388298615457,0.23249129718072792,0.12423887292391177,0,0,0,0,0,0,0,0,0,21.011264783802524,104.1765971164211,0.201688914
